timestamp_utc,symbol,side,grade,score,price,rsi_15m,rsi_1h,change_24h_percent,quote_volume_24h,vol_1m,vol_5m,vol_15m,vol_60m,net_vol_1m,net_vol_15m,net_vol_60m,ping_count_24h
2025-11-15T18:07:46.754971,TRXUSDT,BUY,ðŸ”¥ Strong,8,0.2939,59.99999999999968,48.749999999999766,-0.508,87628353.30328,36630.9,50574.7,7357884.9,7376816.9,36630.9,20177468.299999997,11845256.3,0
2025-11-15T18:10:49.858878,1INCHUSDT,BUY,âœ… Good,7,0.1902,69.87951807228913,53.5031847133758,-0.886,9534421.70055,1568.4,1568.4,19824.6,19824.6,1568.4,305967.89999999997,346182.69999999995,0
2025-11-15T18:14:54.236770,ALTUSDT,BUY,âœ… Good,7,0.01558,53.84615384615391,42.89071680376031,0.257,1132476.49096,73934.0,346212.0,668949.0,668949.0,-73934.0,2662199.0,3907875.0,0
2025-11-15T18:19:22.836134,MORPHOUSDT,BUY,âœ… Good,7,2.022,49.85337243401729,45.4545454545454,-0.639,1404304.64437,1299.64,15918.5,15918.5,20633.8,1299.64,19990.38,8545.409999999994,0
2025-11-15T18:26:38.127405,KAVAUSDT,BUY,ðŸš€ Very Strong,9,0.1408,44.44444444444427,52.45901639344265,-4.801,2645865.11351,13895.5,358151.9,614378.6,851829.6,-13895.5,1696806.4,1113997.1999999997,0
2025-11-15T18:35:02.973673,BROCCOLI714USDT,BUY,âœ… Good,7,0.01794,63.77952755905521,39.967897271268036,5.467,1332575.98831,2548.0,2548.0,5344288.0,8322782.0,-2548.0,9015937.0,25478490.0,0
2025-11-15T19:09:38.281796,TSTUSDT,BUY,ðŸš€ Very Strong,9,0.0171,62.393162393162605,39.33823529411766,5.49,1175978.483497,99889.3,9050998.7,18846266.2,18846266.2,99889.3,24903905.8,30645354.799999997,1
2025-11-15T19:10:06.176574,TUTUSDT,BUY,âœ… Good,7,0.01758,76.92307692307678,56.910569105690946,4.586,1460444.27589,230110.0,230110.0,5179166.0,5179166.0,230110.0,6620154.0,21051023.0,1
2025-11-15T19:17:52.199027,BNBUSDT,BUY,âœ… Good,7,944.9,47.08994708994683,39.450738477964315,1.913,168473359.08104,233.116,406.588,406.039,1509.243,233.116,1751.037,19686.647999999997,0
2025-11-15T19:21:29.011731,CAKEUSDT,BUY,ðŸ”¥ Strong,8,2.456,59.36395759717337,50.42016806722702,1.32,13882756.01495,16662.05,60645.84,66646.87,153023.6,16662.05,159033.32,628325.79,0
2025-11-15T19:56:19.595837,SKLUSDT,BUY,âœ… Good,7,0.01662,77.39726027397262,69.95073891625623,4.594,1202698.15066,164627.0,1315740.0,30610569.0,31635962.0,164627.0,30833575.0,33116333.0,1
2025-11-15T19:59:34.150211,PENDLEUSDT,BUY,âœ… Good,7,2.404,72.6439790575915,50.70422535211282,7.71,11814985.0268,2963.9,90493.6,160540.4,286425.2,2963.9,194897.19999999998,648279.2,0
2025-11-15T20:10:59.960969,ETCUSDT,BUY,âœ… Good,7,15.51,47.76119402985084,40.253164556962005,3.331,16322101.8369,191.1,191.1,3648.1,3648.1,191.1,13092.52,105194.05,0
2025-11-15T23:08:39.797245,ROSEUSDT,BUY,ðŸš€ Very Strong,10,0.02003,46.30071599045358,54.16666666666668,10.602,4689930.566936,1210582.4,1928003.1,2506866.5,2506866.5,1210582.4,5354317.5,5380080.6,1
2025-11-15T23:28:55.464181,EDUUSDT,BUY,âœ… Good,7,0.1735,38.24701195219107,66.28571428571433,10.299,3002328.3289,8756.0,51091.0,233249.0,441107.0,8756.0,267856.0,460539.0,0
2025-11-15T23:51:42.004282,BANKUSDT,BUY,ðŸ”¥ Strong,8,0.0544,45.12195121951221,49.77375565610858,8.583,11998503.78162,81645.5,234258.1,1315474.1,5382568.4,-81645.5,5382568.4,1051761.0,0
2025-11-15T23:57:58.897845,DUSKUSDT,BUY,ðŸš€ Very Strong,10,0.0594,49.11032028469759,64.37994722955145,15.116,2993963.4794,121958.0,160552.0,1370933.0,2574794.0,121958.0,2570207.0,1864360.0,1
2025-11-15T23:58:46.656785,ZENUSDT,BUY,ðŸš€ Very Strong,10,14.363,61.44355935496403,64.90877993158493,7.902,98018459.27753,9154.96,40246.16,167555.4,391561.15,9154.96,391561.15,78766.15000000002,0
2025-11-15T23:58:53.095350,DGBUSDT,BUY,ðŸš€ Very Strong,9,0.00859,55.94405594405613,58.883248730964475,5.283,1332010.602604,248617.0,641004.7,1985289.9,4308448.1,248617.0,4308448.1,4595602.6,1
2025-11-16T00:04:10.903652,MANTAUSDT,BUY,ðŸ”¥ Strong,8,0.1222,50.76923076923081,66.0734149054505,1.918,3831396.72973,0.0,85898.7,85898.7,85898.7,0.0,63414.1,325487.4,0
2025-11-16T00:07:54.299323,AVNTUSDT,BUY,ðŸš€ Very Strong,9,0.5085,70.20250723240098,58.96527285613035,-1.549,6216542.74758,33114.0,147301.5,244011.0,244357.4,33114.0,253144.09999999998,520451.8999999999,1
2025-11-16T01:08:55.603391,ROSEUSDT,BUY,âœ… Good,7,0.01969,25.46537602382722,50.7389162561576,4.07,4873491.755533,39447.8,1555060.6,2512221.0,2512221.0,39447.8,5820367.4,13048202.299999999,3
2025-11-16T01:09:25.770159,FISUSDT,BUY,âœ… Good,7,0.0633,48.526863084922006,50.29585798816569,10.683,3763106.5578,881.0,26098.0,182212.0,182212.0,881.0,639184.0,15479623.0,0
2025-11-16T01:14:22.757738,KAIAUSDT,BUY,âœ… Good,7,0.0878,46.19565217391306,45.882352941176556,-0.114,1177168.58216,0.0,75022.0,1270594.7,1270594.7,0.0,1405077.5999999999,887758.1,0
2025-11-16T01:24:56.447449,ZENUSDT,BUY,ðŸ”¥ Strong,8,14.443,54.19359136633134,67.36864053377815,-0.66,96173244.14771,12272.61,62588.96,91866.3,159687.19,-12272.61,140217.31,165407.85000000003,0
2025-11-16T01:30:03.417727,PIVXUSDT,BUY,ðŸ”¥ Strong,8,0.233,68.57287449392705,60.757314974182435,6.783,2156691.2817,2553.0,0.0,883989.0,923475.0,-2553.0,800113.0,1121238.0,0
2025-11-16T01:50:25.945059,WCTUSDT,BUY,âœ… Good,7,0.1146,47.99999999999999,49.295774647887335,1.147,2720172.66223,6383.6,6383.6,190217.8,1398352.6,6383.6,1398352.6,2016853.8,0
2025-11-16T01:52:28.974648,BANKUSDT,BUY,âœ… Good,7,0.0548,50.2958579881657,58.2089552238806,7.241,12274003.24261,7306.5,51680.0,399513.1,3716987.4,7306.5,1131058.4,1969033.8000000003,0
2025-11-16T07:39:38.840718,INJUSDT,BUY,âœ… Good,7,6.87,44.2477876106195,44.927536231884034,0.439,2904391.2931,2.95,13634.38,18820.22,22905.2,2.95,17951.23,33735.850000000006,0
2025-11-16T07:47:07.005454,WLFIUSDT,BUY,ðŸš€ Very Strong,12,0.149,61.58940397350986,62.7557980900409,4.196,20844967.63069,6610.1,3668245.4,3668245.4,5471322.6,-6610.1,5471322.6,4068740.6,0
2025-11-16T07:52:43.103536,TWTUSDT,BUY,ðŸ”¥ Strong,8,1.1826,56.86274509803914,42.784810126582286,1.042,1588823.1151,3338.0,5156.0,20937.0,50263.0,3338.0,50260.0,46170.0,0
2025-11-16T07:59:47.822638,WLFIUSDT,BUY,ðŸš€ Very Strong,10,0.1493,62.700964630224995,63.35570469798654,4.187,21285191.21384,356363.7,1152473.3,6870251.9,8673329.1,356363.7,8673329.1,7270747.1,1
2025-11-16T08:00:37.808801,ASTERUSDT,BUY,âœ… Good,7,1.174,47.85894206549116,66.39344262295086,2.265,122660872.2645,149996.85,147383.58,147383.58,149996.85,149996.85,998364.4799999999,650388.5199999999,0
2025-11-16T08:00:57.896075,FUSDT,BUY,ðŸ”¥ Strong,8,0.01132,65.74394463667832,35.860058309037925,-1.651,1306319.18139,1490539.0,1490539.0,1490539.0,1490539.0,1490539.0,2984107.0,16245515.0,1
2025-11-16T09:11:49.198304,RLCUSDT,BUY,âœ… Good,7,0.806,67.27272727272728,56.60377358490566,5.085,1268094.7872,15297.0,27105.0,139508.0,139755.8,15297.0,214688.60000000003,743415.1000000001,1
2025-11-16T09:14:21.836105,PHAUSDT,BUY,ðŸš€ Very Strong,9,0.0549,57.44680851063834,48.12286689419795,3.002,2227567.2376,10990.0,79541.0,255233.0,255233.0,10990.0,581081.0,923988.0,1
2025-11-16T09:19:27.199301,NILUSDT,BUY,âœ… Good,7,0.196,47.82608695652175,55.45505935556814,13.887,5333688.42896,11824.6,198123.1,198123.1,453134.2,-11824.6,159914.30000000002,2069476.3,0
2025-11-16T09:28:58.787078,COTIUSDT,BUY,âœ… Good,7,0.03642,56.35738831615124,44.036697247706435,-0.41,2090380.83327,1974684.0,2090853.0,2355087.0,2448848.0,1974684.0,1354181.0,5559051.0,1
2025-11-16T09:29:10.029339,ZENUSDT,BUY,âœ… Good,7,13.977,54.79452054794521,61.42246795677306,-4.063,63481847.06625,5796.38,21321.22,40122.25,65791.91,5796.38,83810.94,224434.13,0
2025-11-16T09:29:38.715454,PAXGUSDT,BUY,ðŸ”¥ Strong,8,4105.44,66.67483159828629,63.102779573367485,0.694,16684083.59364,0.0,34.826,114.8555,118.9681,0.0,121.5066,257.3694,0
2025-11-16T09:32:34.376322,SCRTUSDT,BUY,âœ… Good,7,0.1827,60.330578512396656,54.00000000000003,0.495,1987381.30581,313.5,14357.9,14357.9,128134.3,313.5,39435.700000000004,1232047.1,0
2025-11-16T09:38:39.967270,ENSOUSDT,BUY,âœ… Good,7,0.894,54.09836065573771,41.333333333333336,0.0,2129353.79831,267.7,1732.23,9932.63,38853.1,267.7,52701.939999999995,105674.38,0
2025-11-16T09:51:37.840754,BOMEUSDT,BUY,âœ… Good,7,0.000829,53.333333333333236,55.65217391304352,0.607,1185002.910454,31501554.0,23211440.0,27004739.0,80318005.0,31501554.0,47453732.0,55242823.0,1
2025-11-16T09:51:40.963541,ETHFIUSDT,BUY,âœ… Good,7,0.945,44.444444444444436,48.598130841121495,5.117,9127835.6552,43782.7,45080.0,48919.1,217707.6,43782.7,145998.80000000002,17513.20000000001,1
2025-11-16T09:51:49.995603,SAGAUSDT,BUY,âœ… Good,7,0.0862,57.89473684210528,48.31460674157307,0.467,1227593.57635,254365.5,263608.1,286222.9,618929.7,254365.5,340662.9,995486.6000000001,1
2025-11-16T09:52:20.056776,POLUSDT,BUY,âœ… Good,7,0.1572,40.2097902097903,50.89285714285717,2.611,7114555.3853,11037.0,5042052.8,7092070.2,8279249.0,11037.0,6588546.0,8832071.0,0
2025-11-16T09:52:54.964605,PENGUUSDT,BUY,âœ… Good,7,0.013257,51.08108108108112,57.62616295460951,1.43,10297383.105708,1188618.0,13609108.0,15109999.0,37841974.0,1188618.0,18485999.0,8216032.0,1
2025-11-16T09:53:53.060657,ONDOUSDT,BUY,âœ… Good,7,0.5916,55.203619909502464,63.08345120226311,2.424,3966042.20527,6099.3,96934.7,101329.6,279446.5,6099.3,167810.6,477761.5,0
2025-11-16T09:54:26.357940,AUSDT,BUY,âœ… Good,7,0.2502,40.69767441860444,49.83050847457624,1.419,2103374.37855,4430.2,93254.5,184619.5,382204.3,-4430.2,382204.3,893782.7,0
2025-11-16T09:54:42.536885,PROVEUSDT,BUY,âœ… Good,7,0.5378,64.78328173374607,39.26247288503249,1.453,1869195.97917,6194.3,41223.6,48094.7,178819.4,-6194.3,88656.79999999999,151808.6,0
2025-11-16T09:54:58.103172,USDEUSDT,BUY,ðŸ”¥ Strong,8,0.9993,26.66666666666667,38.46153846153846,-0.01,28452365.3206,0.0,1128226.0,1138777.0,1158316.0,0.0,1158316.0,5567701.0,0
2025-11-16T09:55:26.398459,MIRAUSDT,BUY,ðŸ”¥ Strong,8,0.1854,57.57575757575766,60.04228329809733,2.318,1722221.78175,4342.0,4342.0,204433.4,383019.9,-4342.0,282688.5,132140.60000000003,0
2025-11-16T10:04:52.257289,TWTUSDT,BUY,âœ… Good,7,1.182,49.68944099378886,49.318801089918274,1.897,1556245.9021,111.0,21355.0,21355.0,21382.0,111.0,17538.0,59711.0,0
2025-11-16T10:07:54.775133,FDUSDUSDT,BUY,ðŸ”¥ Strong,8,0.9974,25.0,31.25,0.02,215407751.55,493393.0,14681159.0,18623597.0,18623919.0,493393.0,24616990.0,32209289.0,0
2025-11-16T10:12:34.185756,NOMUSDT,BUY,âœ… Good,7,0.01332,29.13385826771659,55.140186915887895,0.226,1424937.31421,2910.0,375736.0,556991.0,556991.0,2910.0,559836.0,6496243.0,0
2025-11-16T10:25:59.201487,TAOUSDT,BUY,âœ… Good,7,345.9,63.35877862595417,59.870550161812346,2.156,21987083.61336,97.1443,97.1443,726.8356,1139.3388,97.1443,3085.2333,4063.5778999999998,0
2025-11-16T10:28:10.768634,SIGNUSDT,BUY,âœ… Good,7,0.0394,48.11815150071464,68.96551724137927,7.24,1656880.42731,1003.0,421164.0,690108.0,875374.0,1003.0,1481235.0,21572452.0,0
2025-11-16T10:29:09.507169,ZKCUSDT,BUY,âœ… Good,7,0.1611,51.832460732984316,45.73643410852706,-0.8,1155032.55712,185233.0,189752.8,212447.6,269620.8,185233.0,320863.4,426578.5,1
2025-11-16T10:42:32.411437,PYTHUSDT,BUY,âœ… Good,7,0.0935,47.260273972602974,67.79661016949156,2.522,1266135.72964,11186.5,47840.1,106455.9,567018.3,11186.5,1071412.7999999998,2140810.3,1
2025-11-16T10:54:35.003497,JSTUSDT,BUY,âœ… Good,7,0.03663,55.6962025316459,57.51633986928155,0.577,1724724.04703,1859.4,17255.6,41426.9,656350.3,1859.4,656350.2999999999,5882580.0,0
2025-11-16T11:03:21.142649,0GUSDT,BUY,âœ… Good,7,1.352,45.2054794520548,60.06289308176103,8.594,14900548.17576,1812.52,30549.28,30549.28,30549.28,1812.52,314444.24,468541.1699999999,0
2025-11-16T11:18:34.557647,LAYERUSDT,BUY,âœ… Good,7,0.2237,51.85185185185188,59.987819732034126,4.435,1478041.707499,13467.82,60701.87,60701.87,130182.51,-13467.82,58984.94000000001,2451973.11,0
2025-11-16T12:02:46.388402,DCRUSDT,BUY,âœ… Good,7,36.34,52.64536406495549,55.662472242783124,16.362,13838252.399,15.57,170.62,165.65,170.62,15.57,1529.0589999999997,15894.948,0
2025-11-16T12:57:18.023814,ZENUSDT,BUY,ðŸ”¥ Strong,8,14.362,44.51772464962901,53.30640017010419,3.005,65494506.56105,1192.21,30809.11,96356.63,207964.97,1192.21,207964.97,374429.68,0
2025-11-16T13:13:46.343556,DUSKUSDT,BUY,ðŸš€ Very Strong,10,0.0579,53.35365853658544,55.07246376811594,2.297,1782511.5508,221892.0,489715.0,710684.0,710684.0,221892.0,682767.0,2385129.0,1
2025-11-16T13:24:34.546643,KITEUSDT,BUY,âœ… Good,7,0.0857,60.0,40.528634361233465,5.419,92178882.81758,660214.6,9793040.6,21774060.4,45261443.0,-660214.6,38962263.7,98856881.8,0
2025-11-16T13:57:54.675218,SAHARAUSDT,BUY,ðŸš€ Very Strong,11,0.0792,61.70212765957441,63.32179930795847,2.365,1047875.44197,37126.0,90320.0,568166.0,2004572.0,37126.0,2004572.0,1409953.0,1
2025-11-16T14:17:07.335365,BANKUSDT,BUY,ðŸ”¥ Strong,8,0.054,45.45454545454546,34.482758620689665,-2.703,8385901.9478,80976.6,4686852.5,4686852.5,5867577.3,-80976.6,9140678.8,25469408.500000004,0
2025-11-16T14:34:21.033944,KITEUSDT,BUY,âœ… Good,7,0.0857,59.722222222222214,34.46601941747569,3.753,97795148.64348,346524.6,4875491.2,4874880.0,50927997.6,346524.6,74279632.19999999,164020768.4,1
2025-11-16T14:58:08.387820,DUSKUSDT,BUY,ðŸ”¥ Strong,8,0.0582,55.38461538461538,54.54545454545455,3.191,1814502.93,40760.0,49960.0,846052.0,2065679.0,40760.0,1473719.0,4130246.0,2
2025-11-16T15:07:48.586391,WLFIUSDT,BUY,âœ… Good,7,0.1472,69.79865771812074,52.77777777777777,2.01,24511555.32947,263826.6,1358858.0,3040967.2,3040967.2,263826.6,7365424.3,24508220.0,1
2025-11-16T15:17:57.225374,SFPUSDT,BUY,âœ… Good,7,0.3605,56.79012345679011,39.92932862190811,6.91,1833175.3329,11286.0,16879.0,16879.0,24133.0,11286.0,132509.0,20939.0,1
2025-11-16T15:36:49.845342,SCRTUSDT,BUY,ðŸš€ Very Strong,9,0.1895,57.711442786069675,61.23147092360322,5.676,2806568.37406,60854.0,240178.0,485788.6,1087221.5,60854.0,1263794.4,5046638.699999999,1
2025-11-16T15:39:32.826646,NEIROUSDT,BUY,âœ… Good,7,0.00013918,49.488054607508644,44.95548961424335,-3.414,5587309.3500724,20101792.0,3200616191.0,3452083016.0,5428631414.0,-20101792.0,4829036540.0,5723409271.0,0
2025-11-16T15:43:28.608277,BANKUSDT,BUY,âœ… Good,7,0.0559,52.736318407960205,42.229729729729726,2.947,8548957.09631,84412.3,296461.9,3607621.5,7469862.8,84412.3,4180586.8,42328446.1,2
2025-11-16T15:59:18.761868,BFUSDUSDT,BUY,ðŸ”¥ Strong,8,1.0,28.57142857142857,39.62264150943396,0.0,8386578.6861,862.0,396725.0,722952.0,786859.0,862.0,786859.0,1588658.0,0
2025-11-16T16:24:36.911163,DUSKUSDT,BUY,âœ… Good,7,0.0604,51.41388174807199,54.95495495495497,8.438,2469502.3306,9555.0,359723.0,1113097.0,3537585.0,9555.0,2133861.0,16821810.0,3
2025-11-16T16:29:02.761244,API3USDT,BUY,âœ… Good,7,0.5929,43.07511737089196,54.119910227637035,4.457,5939239.818657,0.0,43836.92,633592.85,788306.21,0.0,779281.0599999999,353594.8599999999,0
2025-11-16T17:08:49.305837,SIGNUSDT,BUY,âœ… Good,7,0.03821,55.345911949685664,46.30396215257245,4.001,1885194.0281,16450.0,78330.0,121660.0,121660.0,16450.0,197666.0,997434.0,1
2025-11-16T17:09:35.232236,BFUSDUSDT,BUY,ðŸš€ Very Strong,9,1.0001,43.75,39.325842696629216,0.01,10282586.3238,0.0,1010037.0,1010242.0,1010242.0,0.0,970368.0,3327779.0,0
2025-11-16T17:10:59.029891,BANKUSDT,BUY,ðŸ”¥ Strong,8,0.0583,48.235294117647115,57.10455764075068,7.792,9202079.52518,1390450.5,1389740.5,6974246.3,6974956.3,-1390450.5,8521266.6,16205824.3,2
2025-11-16T18:01:48.209071,STOUSDT,BUY,âœ… Good,7,0.1677,54.901960784313694,37.49999999999997,-1.815,1712758.13011,3152.8,10226.8,9574.3,10226.8,3152.8,94304.6,1994863.1,0
2025-11-16T18:03:25.161689,MORPHOUSDT,BUY,ðŸ”¥ Strong,8,2.022,54.21686746987961,43.90243902439013,0.547,1708394.11547,1512.21,15723.27,15657.55,15723.27,1512.21,46312.2,316252.58,0
2025-11-16T18:19:07.290168,BROCCOLI714USDT,BUY,ðŸš€ Very Strong,9,0.01757,66.74786845310591,49.33774834437083,0.114,2429705.58155,1373.0,6149921.0,6149921.0,15468222.0,1373.0,16040587.0,26049638.0,0
2025-11-16T18:37:15.705485,SIGNUSDT,BUY,âœ… Good,7,0.03927,58.06675938803887,47.307893361212784,5.565,2100010.72667,2792.0,427761.0,2520737.0,5955580.0,2792.0,6463276.0,7448575.0,1
2025-11-16T19:44:29.010692,PENDLEUSDT,BUY,âœ… Good,7,2.397,50.62648154419232,60.83916083916083,2.043,14536482.0819,253.7,3332.6,10619.0,52206.7,253.7,30996.3,2686280.0000000005,0
2025-11-16T20:25:34.508948,ASTERUSDT,BUY,âœ… Good,7,1.247,78.12499999999994,43.08445532435743,10.461,252803747.92827,54929.58,54929.58,1294668.05,3080408.2,54929.58,1334570.75,37350406.68,0
2025-11-16T20:43:46.727548,ENSOUSDT,BUY,ðŸ”¥ Strong,8,0.884,59.45945945945946,36.320754716981135,-0.45,3440560.89409,198.66,1877.3,685948.07,766622.82,198.66,757792.35,1378531.02,0
2025-11-16T21:13:13.240792,NEXOUSDT,BUY,ðŸš€ Very Strong,9,1.024,66.66666666666683,57.954545454545446,1.386,2504301.73701,448.06,43270.56,90411.21,90467.44,448.06,67100.82,142316.35,0
2025-11-16T21:16:48.050351,1000CHEEMSUSDT,BUY,âœ… Good,7,0.001229,46.428571428571466,60.96654275092946,0.409,1008822.449212,770908.0,1088451.0,1085079.0,22108684.0,770908.0,30458779.0,146125190.0,1
2025-11-16T22:11:39.823539,USD1USDT,BUY,âœ… Good,7,0.9995,13.333333333333329,14.285714285714292,-0.01,4332588.8108,10465.0,11040.0,139897.0,139897.0,10465.0,409895.0,376245.0,0
2025-11-16T22:27:16.568316,TONUSDT,BUY,âœ… Good,7,1.81,64.86486486486487,31.880108991825637,-2.845,11456637.93066,231.99,4102.43,39392.35,89019.39,231.99,238742.95,729251.9900000001,0
2025-11-16T22:28:59.691580,BROCCOLI714USDT,BUY,âœ… Good,7,0.01727,53.0516431924883,43.893129770992346,-2.042,2374524.88759,0.0,185255.0,578725.0,898002.0,0.0,1946131.0,22353879.0,0
2025-11-16T22:39:28.666939,TRBUSDT,BUY,ðŸ”¥ Strong,8,26.59,52.2184300341297,43.859649122806985,-4.764,11790511.63401,266.899,2456.122,3620.817,11174.068,266.899,13134.463,37038.872,0
2025-11-16T22:49:33.609837,ALLOUSDT,BUY,âœ… Good,7,0.212,69.91869918699194,48.56007944389274,3.314,17850071.76252,180288.8,816878.3,808402.9,4176645.6,180288.8,2314333.0,13549824.799999999,1
2025-11-16T23:13:48.589939,ZECUSDT,BUY,ðŸ”¥ Strong,8,695.23,51.55266687300113,47.472256473489516,3.14,1457549460.68311,1988.171,6150.766,12400.564,12413.18,-1988.171,8963.961000000001,39475.31,0
2025-11-16T23:14:05.482834,DOGEUSDT,BUY,âœ… Good,7,0.15817,52.941176470588296,39.591368706348355,-3.218,158891304.64583,538393.0,36630975.0,75355664.0,75391805.0,-538393.0,89518782.0,107428354.0,0
2025-11-16T23:14:36.931436,BCHUSDT,BUY,âœ… Good,7,482.4,47.92899408284026,40.93567251461981,-3.597,12762356.3003,15.363,191.171,2194.348,2194.348,15.363,2612.593,1652.407,0
2025-11-16T23:14:43.459873,OGNUSDT,BUY,âœ… Good,7,0.04,49.09090909090906,24.770642201834903,2.302,2314887.2726,0.0,36817.0,701422.0,701422.0,0.0,246341.0,2546454.0,0
2025-11-16T23:23:01.230648,SHELLUSDT,BUY,âœ… Good,7,0.0798,48.051948051948074,38.80597014925374,-2.683,1268904.84857,0.0,26665.6,54068.0,251969.8,0.0,238805.4,771369.6,0
2025-11-16T23:23:22.010544,MUBARAKUSDT,BUY,ðŸ”¥ Strong,8,0.01873,60.0,32.85568065506652,-3.304,5969792.287123,12918.6,68651.7,404562.3,1793907.0,12918.6,2850116.0999999996,5195675.7,0
2025-11-16T23:23:25.207976,TUTUSDT,BUY,ðŸ”¥ Strong,8,0.01716,62.16216216216227,49.545454545454604,-4.454,1758056.51039,52550.0,578958.0,3993573.0,5553794.0,52550.0,6686376.0,9643475.0,1
2025-11-16T23:23:53.958897,SIGNUSDT,BUY,âœ… Good,7,0.03988,45.00932835820895,51.18483412322278,7.638,2755393.92111,22317.0,92347.0,165191.0,655893.0,22317.0,825180.0,3084657.0,3
2025-11-16T23:24:14.601230,HUMAUSDT,BUY,âœ… Good,7,0.02457,47.22222222222233,53.040877367896364,-0.687,1328256.71321,29560.0,218732.0,497257.0,2003075.0,29560.0,2308279.0,3225291.0,1
2025-11-16T23:24:38.292022,TREEUSDT,BUY,âœ… Good,7,0.1465,52.14953271028031,50.48543689320387,3.024,3394136.59663,10898.8,118283.2,187017.4,343565.3,10898.8,521724.80000000005,1231770.6,1
2025-11-16T23:36:05.059028,QNTUSDT,BUY,ðŸš€ Very Strong,9,82.04,54.5936395759718,35.98615916955018,-2.415,4345594.3958,16.272,58.483,1571.698,3042.997,16.272,2456.499,6959.772,0
2025-11-16T23:36:20.919327,DYDXUSDT,BUY,âœ… Good,7,0.2878,47.20000000000002,31.208791208791197,-3.52,5128345.541072,3161.01,18262.03,65240.88,798021.68,3161.01,914218.63,2077556.5,0
2025-11-16T23:36:27.402700,GALAUSDT,BUY,âœ… Good,7,0.00865,47.904191616766475,32.90488431876595,-5.361,13781720.68313,325949.0,1115657.0,5582905.0,50086934.0,325949.0,18385018.0,97655222.0,1
2025-11-16T23:36:56.357693,PYRUSDT,BUY,âœ… Good,7,0.611,50.0,38.03278688524591,-7.143,1351756.512515,69.778,116.235,3793.751,72012.916,69.778,104230.787,177052.952,0
2025-11-16T23:37:36.305148,APEUSDT,BUY,âœ… Good,7,0.3458,45.619335347432056,42.63038548752836,-2.316,2263703.185088,2501.56,8693.78,47469.42,317155.32,-2501.56,457190.57,281145.49,0
2025-11-16T23:37:49.670713,LUNCUSDT,BUY,âœ… Good,7,3.152e-05,53.39805825242718,40.661938534279,-3.224,2011812.42354299,208932118.93,221281675.21,312497700.31,1381950966.84,-208932118.93,628006136.36,3791120668.76,0
2025-11-16T23:37:57.141589,HFTUSDT,BUY,âœ… Good,7,0.0382,57.432432432432314,30.337078651685317,-3.778,1485426.6979,52188.4,56461.8,142133.4,1293573.0,52188.4,1824317.4,5829500.2,1
2025-11-16T23:38:05.717940,SSVUSDT,BUY,âœ… Good,7,3.836,51.30784708249495,31.965442764578796,-4.458,1397455.422105,0.0,1009.641,2314.232,13813.883,0.0,1667.9300000000014,43104.173,0
2025-11-16T23:38:34.157912,PENDLEUSDT,BUY,ðŸ”¥ Strong,8,2.473,72.09971236816872,66.36280765724705,5.729,14270479.5383,3729.7,11129.4,36995.4,192883.8,3729.7,93511.0,235229.09999999998,0
2025-11-16T23:39:55.070393,TAOUSDT,BUY,âœ… Good,7,322.2,48.437500000000014,31.77189409368627,-4.193,36541968.44717,35.3133,239.2167,784.2298,6298.4522,35.3133,679.7658000000005,6681.047200000001,0
2025-11-16T23:40:01.146866,BBUSDT,BUY,âœ… Good,7,0.0776,53.29949238578686,43.79194630872491,-4.198,1731195.24078,0.0,44581.2,102154.3,622700.2,0.0,615911.4000000001,2056354.4,0
2025-11-16T23:41:46.190669,FORMUSDT,BUY,âœ… Good,7,0.3895,52.10991167811584,36.66121112929624,-5.3,3509620.276,1143.6,2599.0,33050.5,220046.3,-1143.6,18496.399999999994,491557.3,0
2025-11-16T23:42:02.789681,BROCCOLI714USDT,BUY,ðŸ”¥ Strong,8,0.01801,63.51791530944624,54.347826086956566,1.066,2519544.78316,39457.0,442851.0,4765940.0,9964422.0,39457.0,10571311.0,8866342.0,2
2025-11-16T23:42:36.693481,KMNOUSDT,BUY,âœ… Good,7,0.05382,61.040856031128335,29.048582995951406,-6.351,2683183.70581,1785.0,7803.0,355004.0,2063378.0,-1785.0,2905269.0,9065106.0,0
2025-11-16T23:42:55.495848,HOMEUSDT,BUY,âœ… Good,7,0.02178,63.108320251177325,59.7173144876325,7.609,1547881.64413,187326.0,766072.0,9876363.0,27811512.0,-187326.0,29992092.0,24642245.0,0
2025-11-16T23:43:09.996461,CUSDT,BUY,âœ… Good,7,0.0905,52.44755244755243,31.47751605995711,-3.105,1257946.36412,927.0,42995.6,103460.4,398938.0,927.0,524759.8,211057.80000000005,0
2025-11-16T23:43:40.926768,AVNTUSDT,BUY,ðŸ”¥ Strong,8,0.4783,64.63620981387479,51.25042244001354,-4.797,7577273.39523,210129.0,386837.5,1149962.5,1693972.1,210129.0,1351202.0,1263296.4000000001,1
2025-11-16T23:43:46.758444,SKYUSDT,BUY,âœ… Good,7,0.05014,49.99999999999994,46.95776664280591,-2.716,2264097.2088,24560.0,69953.0,600036.0,1553555.0,24560.0,724889.0,1190626.0,1
2025-11-16T23:43:52.606257,0GUSDT,BUY,âœ… Good,7,1.258,63.73626373626372,53.34538878842674,-5.838,13057644.81418,383.24,6803.06,47425.53,115654.02,383.24,134179.66,72053.44999999998,0
2025-11-16T23:43:58.461110,XPLUSDT,BUY,âœ… Good,7,0.2321,55.96514745308309,46.6786355475763,0.957,34214532.79289,137663.5,843720.6,1862573.6,7252152.9,137663.5,8466272.9,4703796.2,1
2025-11-16T23:44:20.548768,WALUSDT,BUY,âœ… Good,7,0.1929,50.97493036211689,34.710743801652825,-4.125,1354393.58996,253.5,4802.6,47266.2,402269.7,253.5,1486.0999999999913,666862.6000000001,0
2025-11-16T23:51:39.462448,RLCUSDT,BUY,ðŸš€ Very Strong,9,0.78,53.70370370370371,30.75170842824599,0.775,2652303.557,0.0,1065.3,4140.4,31130.5,0.0,2120.2999999999984,142668.8,0
2025-11-17T00:01:38.004309,ERAUSDT,BUY,ðŸ”¥ Strong,8,0.2351,66.74968866749691,43.43971631205672,3.935,8784898.96044,256450.5,1552207.8,1532932.7,1553758.1,256450.5,1605667.4,1946755.9000000001,1
2025-11-17T00:10:21.239803,LSKUSDT,BUY,ðŸš€ Very Strong,9,0.261,60.0,31.372549019607845,-2.612,4807558.9618,88939.4,88939.4,1058279.1,1065481.7,88939.4,1090008.6,3722466.4000000004,1
2025-11-17T00:14:29.721802,XNOUSDT,BUY,ðŸ”¥ Strong,8,0.965,72.64150943396223,52.73972602739725,-3.112,1259905.82548,176.79,12846.06,99317.21,99317.21,176.79,163544.29,79088.14,0
2025-11-17T00:19:19.549880,WCTUSDT,BUY,âœ… Good,7,0.1348,48.57142857142857,43.650793650793645,20.25,24905693.14977,18119.9,831954.8,831954.8,3387373.4,-18119.9,5906729.399999999,7647484.9,0
2025-11-17T00:29:20.539022,YFIUSDT,BUY,âœ… Good,7,4592.0,53.596287703016245,25.70093457943925,-1.417,1060988.99307,0.07578,0.51231,1.12542,2.2635,0.07578,3.38966,39.16133,0
2025-11-17T00:29:32.372335,DOTUSDT,BUY,âœ… Good,7,2.819,53.97727272727258,25.652173913043498,0.142,16175429.11931,4396.47,40974.19,98402.47,146918.6,4396.47,140510.32,533857.57,0
2025-11-17T00:29:46.826843,KSMUSDT,BUY,ðŸ”¥ Strong,8,9.98,58.8235294117645,31.623931623931554,-1.578,1358766.97014,426.31,933.411,4083.763,4484.514,426.31,2703.732,22184.823,0
2025-11-17T00:29:51.028334,RUNEUSDT,BUY,ðŸ”¥ Strong,8,0.724,58.2089552238806,37.83783783783784,-0.822,2597906.9896,3539.8,42523.8,73855.3,98307.9,3539.8,64761.3,454750.1,0
2025-11-17T00:35:43.605941,BANANAUSDT,BUY,âœ… Good,7,8.55,67.21311475409841,28.981723237597876,-2.951,1819308.14166,494.289,365.3,1991.212,6261.525,494.289,5725.441000000001,15166.846,0
2025-11-17T00:36:20.229094,ACTUSDT,BUY,ðŸ”¥ Strong,8,0.0188,50.704225352112694,53.57142857142857,5.028,1588405.77268,39136.2,155627.4,1706321.8,3272166.4,39136.2,2092942.8,9559425.1,1
2025-11-17T00:36:39.464767,BIOUSDT,BUY,âœ… Good,7,0.0663,50.33112582781453,52.722063037249306,0.455,3781068.65609,87597.7,206070.0,493390.4,1917833.4,87597.7,1363364.0,6530565.800000001,1
2025-11-17T00:37:11.323219,EPICUSDT,BUY,ðŸ”¥ Strong,8,0.589,48.507462686567216,24.637681159420254,-3.758,1664330.6701,34.0,19646.0,24925.4,73657.5,34.0,4541.299999999999,115493.5,0
2025-11-17T00:38:10.227428,NXPCUSDT,BUY,ðŸ”¥ Strong,8,0.3909,81.44329896907216,68.8715953307393,2.814,1658693.41427,509.8,30781.9,185913.5,608020.8,509.8,572591.5,869278.0,0
2025-11-17T00:38:28.505213,SPKUSDT,BUY,ðŸ”¥ Strong,8,0.033859,80.7555238774055,45.998445998445966,-0.478,2698170.877645,416841.0,3010311.0,3454127.0,5365853.0,416841.0,3510299.0,9122293.0,1
2025-11-17T00:38:32.173761,SAHARAUSDT,BUY,âœ… Good,7,0.07982,61.46179401993373,44.37799043062213,2.834,1997308.05464,3457.0,123594.0,405511.0,1579333.0,3457.0,1998424.0,2756923.0,1
2025-11-17T00:39:06.084444,PUMPUSDT,BUY,âœ… Good,7,0.003469,50.536352800953374,35.72519083969465,-2.937,39565030.840855,1082646.0,60580307.0,193802303.0,521203459.0,1082646.0,281669934.0,1355854285.0,1
2025-11-17T00:39:11.947052,ZKCUSDT,BUY,âœ… Good,7,0.16,59.10290237467022,42.13305174234427,0.946,1732972.18742,62.6,96635.1,181852.1,341727.8,62.6,167046.7,1095922.1,0
2025-11-17T00:39:48.606847,ENSOUSDT,BUY,ðŸ”¥ Strong,8,0.934,45.195052331113224,44.27430093209055,5.896,5555721.5729,10462.23,134985.5,206258.17,419450.81,-10462.23,248757.19,77208.1700000001,1
2025-11-17T00:39:54.462247,ZBTUSDT,BUY,âœ… Good,7,0.1318,57.33944954128427,38.073394495412835,-2.798,2326094.10876,29114.6,102658.0,159651.1,497121.7,-29114.6,192024.40000000002,1630644.4,0
2025-11-17T00:40:00.385035,GIGGLEUSDT,BUY,âœ… Good,7,131.97,50.13029762721165,26.8156424581005,-6.358,43778198.35419,295.629,1395.04,2298.46,8842.641,-295.629,7391.482999999999,50991.27099999999,0
2025-11-17T00:55:58.896382,BROCCOLI714USDT,BUY,âœ… Good,7,0.018,64.93506493506483,47.95539033457245,2.623,2658017.99487,231231.0,231231.0,915505.0,6557628.0,231231.0,5228262.0,24671128.0,3
2025-11-17T01:14:43.969363,SIGNUSDT,BUY,âœ… Good,7,0.04049,59.97931747673225,56.22628492583654,9.492,2906183.96554,21388.0,72353.0,282103.0,282103.0,21388.0,931576.0,6566618.0,5
2025-11-17T01:28:07.322100,XNOUSDT,BUY,âœ… Good,7,1.027,60.91370558375631,67.98029556650249,5.01,1443922.19509,2261.43,12869.33,72184.91,131848.7,2261.43,87782.37,431907.08,0
2025-11-17T01:32:59.306854,INITUSDT,BUY,ðŸš€ Very Strong,9,0.1242,70.81911262798624,35.42435424354245,1.223,4122320.95974,1107719.6,2717467.3,2707426.8,3451964.5,1107719.6,2249195.8,8441023.9,1
2025-11-17T02:11:45.785216,GIGGLEUSDT,BUY,âœ… Good,7,132.44,62.847665220719506,30.94479830148623,-7.561,42762301.50839,603.004,775.097,2686.593,2688.096,603.004,7328.533,17621.670000000002,0
2025-11-17T02:23:06.130448,SCRTUSDT,BUY,âœ… Good,7,0.1803,48.441247002398086,56.211180124223596,-0.442,3359816.24868,824.9,15631.6,22011.1,193822.7,824.9,137513.0,119036.00000000006,1
2025-11-17T02:24:22.274936,WBETHUSDT,BUY,âœ… Good,7,3417.11,60.64372628549,40.97035432326729,-0.359,6367107.245759,0.1119,6.9362,9.6628,23.656,0.1119,7.999700000000001,78.32139999999998,0
2025-11-17T02:28:52.988315,TREEUSDT,BUY,âœ… Good,7,0.1515,71.50537634408603,51.754385964912295,6.615,3722389.02096,14829.4,27953.5,60138.9,123336.6,14829.4,13767.900000000001,2371674.2,2
2025-11-17T02:36:51.500351,DUSKUSDT,BUY,ðŸš€ Very Strong,10,0.0615,37.85310734463276,56.97478991596638,1.99,3682946.0413,355603.0,747774.0,1876355.0,3541857.0,-355603.0,3320065.0,2774006.0,3
2025-11-17T02:38:46.593012,AVAXUSDT,BUY,âœ… Good,7,15.39,64.70588235294122,47.31707317073172,-1.536,47749142.9658,1538.06,5059.42,13348.97,109616.67,1538.06,93113.82,495604.12999999995,0
2025-11-17T02:43:30.921129,MANTAUSDT,BUY,âœ… Good,7,0.1151,51.16279069767448,50.92024539877304,-5.189,3224042.30731,16141.7,47202.8,134368.3,563281.8,16141.7,514404.39999999997,1381738.7000000002,1
2025-11-17T03:00:25.689641,APTUSDT,BUY,âœ… Good,7,2.881,67.66917293233071,51.02040816326526,-1.673,18776597.49938,2257.72,2257.72,2257.72,2257.72,2257.72,46797.36,451421.74,0
2025-11-17T03:03:32.023765,THEUSDT,BUY,ðŸ”¥ Strong,8,0.1577,73.11827956989242,49.73821989528794,-1.13,1178666.37682,22358.8,789271.4,789271.4,789271.4,22358.8,743482.9,1179393.5,1
2025-11-17T03:04:07.541556,LAYERUSDT,BUY,ðŸš€ Very Strong,9,0.2216,57.58683729433268,40.04854368932038,3.214,4329157.405862,1711.12,123492.06,123492.06,123492.06,1711.12,406519.29,613956.51,0
2025-11-17T03:04:31.699133,MUBARAKUSDT,BUY,ðŸ”¥ Strong,8,0.01911,60.13986013986013,33.155080213903744,0.686,5503995.43585,33406.6,124234.9,124234.9,134832.9,-33406.6,224314.00000000003,3875202.0999999996,0
2025-11-17T03:04:37.517481,BROCCOLI714USDT,BUY,ðŸ”¥ Strong,8,0.01783,48.90510948905101,50.436205016357604,1.48,2636418.34765,23813.0,249219.0,249219.0,249219.0,-23813.0,677880.0,3483371.0,3
2025-11-17T03:12:39.887575,XRPUSDT,BUY,âœ… Good,7,2.256,76.26774847870186,44.69632164242939,0.741,274522610.17308,61849.8,852516.9,1864513.7,1864758.0,61849.8,945928.0000000001,10287400.6,0
2025-11-17T03:14:01.791417,RLCUSDT,BUY,ðŸ”¥ Strong,8,0.785,41.42011834319527,34.32835820895522,1.29,2767137.8686,37.0,386.2,8148.5,8148.5,37.0,30896.0,25031.500000000015,0
2025-11-17T03:14:22.816325,SOLUSDT,BUY,âœ… Good,7,140.1,74.4939271255061,45.26034712950597,-0.278,499007715.28039,1965.75,24087.92,40990.217,41058.506,1965.75,5649.923999999999,232419.75699999998,0
2025-11-17T03:14:52.936364,JSTUSDT,BUY,ðŸ”¥ Strong,8,0.03659,66.66666666666495,46.11650485436883,0.384,2513965.793467,252965.0,343361.8,418313.4,418313.4,252965.0,878401.6000000001,11761050.1,1
2025-11-17T03:16:16.374179,CKBUSDT,BUY,âœ… Good,7,0.002941,57.39644970414202,49.13494809688585,-1.836,1093180.449637,0.0,97349.0,97349.0,1565906.0,0.0,1333816.0,10177917.0,0
2025-11-17T03:16:23.356529,CAKEUSDT,BUY,âœ… Good,7,2.396,59.124087591240844,37.88903924221916,-1.682,12830519.51229,1138.82,12689.56,12689.56,43063.67,-1138.82,45622.25,361648.66,0
2025-11-17T03:17:54.539278,PYRUSDT,BUY,âœ… Good,7,0.618,56.76855895196507,38.36065573770492,-4.777,1275452.624256,2694.297,3884.264,3884.264,6921.254,2694.297,14207.912,31319.441,0
2025-11-17T03:23:03.462445,TUTUSDT,BUY,ðŸš€ Very Strong,9,0.01825,66.16314199395764,59.61538461538456,4.048,2068560.59935,41692.0,1793756.0,2306706.0,3571228.0,41692.0,3688668.0,16898941.0,3
2025-11-17T03:23:10.377479,BABYUSDT,BUY,âœ… Good,7,0.02792,54.1850220264317,33.92070484581501,-6.403,1744945.53942,0.0,199520.0,438330.0,787671.0,0.0,1565246.0,3482153.0,0
2025-11-17T03:24:03.750023,ERAUSDT,BUY,ðŸš€ Very Strong,9,0.2486,61.295106277805196,56.36363636363639,9.66,9631882.2665,877.8,137594.8,259116.0,514196.4,-877.8,807802.0,3768808.7999999993,1
2025-11-17T03:24:22.548698,WLFIUSDT,BUY,ðŸš€ Very Strong,9,0.1478,64.23841059602644,54.904831625183,-0.404,29530785.01601,7345.9,1314294.3,1759852.7,2833677.4,7345.9,3110165.3,21451026.099999998,1
2025-11-17T03:54:29.377576,RAREUSDT,BUY,âœ… Good,7,0.0295,54.545454545454625,41.66666666666664,-1.338,1121121.2232,416.7,238643.6,564158.8,755949.4,416.7,653913.0,5050596.4,0
2025-11-17T03:57:50.895401,TAOUSDT,BUY,âœ… Good,7,328.3,45.09803921568629,43.52678571428572,-3.128,38473256.4774,32.6834,88.5845,513.0992,3007.9212,32.6834,3007.9212,9571.0506,0
2025-11-17T03:58:40.950571,KAIAUSDT,BUY,ðŸ”¥ Strong,8,0.0892,54.79452054794528,53.14285714285712,1.249,2185720.24457,1742.3,456828.0,1378915.2,1725627.6,1742.3,1496853.5,4150347.9,0
2025-11-17T03:59:25.108231,1000CHEEMSUSDT,BUY,âœ… Good,7,0.001252,52.38095238095197,54.83271375464694,2.121,1206147.178657,114642.0,1456553.0,11602345.0,51096691.0,-114642.0,15227333.0,96231587.0,1
2025-11-17T04:01:17.622122,PLUMEUSDT,BUY,âœ… Good,7,0.03109,48.49445324881128,43.035343035343026,1.901,6499751.43696,517325.0,1072212.0,1072212.0,1080452.0,-517325.0,972878.0,27406331.0,0
2025-11-17T04:18:26.844847,PARTIUSDT,BUY,ðŸ”¥ Strong,8,0.0677,52.63157894736834,50.0,-7.005,1920543.38352,46135.1,822934.0,822934.0,1107709.6,46135.1,1165250.0,2841332.0,1
2025-11-17T04:19:40.031663,TREEUSDT,BUY,ðŸš€ Very Strong,10,0.1553,55.17578124999998,58.45588235294117,9.443,4076764.82282,43716.6,723299.1,723299.1,1498594.3,43716.6,1888347.2000000002,972735.3,3
2025-11-17T04:28:36.692285,ZENUSDT,BUY,âœ… Good,7,14.483,53.08760830697294,48.7455940286129,4.164,79800569.71147,4974.44,28915.16,118112.94,212240.01,-4974.44,384878.98000000004,462035.74000000005,0
2025-11-17T04:29:28.109323,UNIUSDT,BUY,âœ… Good,7,7.425,45.74811625403656,47.29281767955804,0.487,91379776.18278,5219.44,111682.98,177942.44,250487.93,5219.44,387911.01,746616.8999999999,0
2025-11-17T04:35:16.454381,LISTAUSDT,BUY,ðŸ”¥ Strong,8,0.2233,65.62499999999997,52.73698264352469,3.812,1031414.6499,9493.3,9493.3,529127.0,1251995.5,9493.3,1271666.7,1448557.1,1
2025-11-17T04:39:23.916507,ENSOUSDT,BUY,âœ… Good,7,0.937,52.38095238095242,50.36764705882354,6.963,7351241.36019,841.1,5952.6,22112.39,153246.42,-841.1,36769.56999999999,1160516.29,1
2025-11-17T05:13:08.261515,THEUSDT,BUY,âœ… Good,7,0.1609,65.49520766773153,65.31365313653133,0.563,1464499.73443,204.2,142089.1,635789.0,635789.0,204.2,631065.7,2003191.9,1
2025-11-17T05:14:41.473329,STOUSDT,BUY,âœ… Good,7,0.1695,60.49382716049377,62.04933586337763,3.543,1336634.77088,1713.7,20961.1,143764.5,143764.5,1713.7,295922.0,283242.0,0
2025-11-17T05:29:11.946266,PENDLEUSDT,BUY,âœ… Good,7,2.456,54.35092724679032,66.45702306079669,3.672,15796558.3847,289.5,3385.6,10964.0,37548.3,289.5,26770.899999999998,560393.8999999999,0
2025-11-17T05:32:25.484291,LAYERUSDT,BUY,ðŸš€ Very Strong,9,0.2275,58.891013384321234,50.315258511979835,5.814,4600808.274111,14746.53,54394.21,52826.82,296150.35,14746.53,229260.13,1083385.46,1
2025-11-17T05:42:17.212009,KAVAUSDT,BUY,âœ… Good,7,0.1334,48.780487804878064,46.79802955665025,-3.052,2101348.81334,1144.8,15666.8,268726.9,349860.8,1144.8,288423.7,877927.6000000001,0
2025-11-17T05:43:13.775451,JSTUSDT,BUY,âœ… Good,7,0.03663,49.29577464788763,44.44444444444472,0.466,2473028.08485,1291.3,254046.5,726359.9,1139336.0,1291.3,215543.40000000002,5145636.1,1
2025-11-17T06:02:07.361503,RSRUSDT,BUY,âœ… Good,7,0.003793,70.4633204633204,60.18078020932448,-2.167,2540371.314511,445540.0,10650517.7,10650517.7,10770231.2,-445540.0,14988165.799999999,55672562.599999994,0
2025-11-17T06:03:27.712201,FISUSDT,BUY,âœ… Good,7,0.0583,49.275362318840756,53.21100917431192,-9.892,2410515.6959,1611.0,162403.0,162403.0,162455.0,1611.0,839746.0,1477990.0,0
2025-11-17T06:04:43.870422,AUCTIONUSDT,BUY,âœ… Good,7,6.13,46.391752577319515,51.388888888888694,-0.809,1267442.1649,1356.86,5473.16,5473.16,5473.16,1356.86,5954.32,7836.0199999999995,0
2025-11-17T06:09:09.504573,MOVEUSDT,BUY,âœ… Good,7,0.0546,47.619047619047564,64.47368421052637,0.924,1972607.92699,0.0,1615060.4,2661348.8,2661348.8,0.0,3237819.0,3205307.7,0
2025-11-17T06:20:01.030256,SOLUSDT,BUY,âœ… Good,7,141.51,78.40909090909085,66.60525103638855,-0.324,517242659.73878,1737.614,18923.9,18923.9,38140.473,1737.614,39194.371,385680.11000000004,0
2025-11-17T07:04:10.724133,POLUSDT,BUY,âœ… Good,7,0.1516,61.01694915254233,50.8474576271186,-3.255,14413486.26657,7689.6,377639.4,377639.4,377639.4,7689.6,1371123.5,570798.4999999999,0
2025-11-17T07:14:48.948080,ATOMUSDT,BUY,ðŸ”¥ Strong,8,2.821,58.474576271186514,67.78741865509767,-1.364,5318987.55499,3030.98,7998.7,63670.44,63670.44,3030.98,102712.67,35544.79000000001,0
2025-11-17T07:17:05.079955,INJUSDT,BUY,âœ… Good,7,6.66,48.09160305343512,57.851239669421496,-2.489,5017429.9324,8.03,427.85,426.2,8689.06,8.03,11456.17,17915.96,0
2025-11-17T07:18:04.600593,SHIBUSDT,BUY,âœ… Good,7,9.06e-06,51.20481927710844,52.17391304347816,-0.984,9485077.01380194,21538551.0,2675877864.0,2675877864.0,12684883407.0,21538551.0,17932819104.0,39401245017.0,1
2025-11-17T07:18:26.756744,QNTUSDT,BUY,ðŸš€ Very Strong,9,82.91,52.30352303523048,47.45341614906828,-2.927,3366905.18161,2.291,680.39,680.39,929.072,2.291,878.039,1567.676,0
2025-11-17T07:24:49.775007,HYPERUSDT,BUY,ðŸš€ Very Strong,9,0.1591,47.252747252747106,45.94594594594561,0.0,1484559.74772,0.0,4136.8,20872.8,64398.4,0.0,79141.4,222371.5,0
2025-11-17T07:58:08.688924,PENDLEUSDT,BUY,ðŸ”¥ Strong,8,2.506,47.28260869565211,62.99019607843137,6.277,16462689.5667,20.8,29069.9,99593.1,268490.7,20.8,268490.69999999995,211403.0,0
2025-11-17T07:59:22.874454,ETHFIUSDT,BUY,âœ… Good,7,0.896,46.478873239436616,41.48936170212766,-4.478,10991277.1046,0.0,21575.7,95191.0,374537.7,0.0,167023.7,31371.20000000001,0
2025-11-17T08:10:33.775451,BATUSDT,BUY,âœ… Good,7,0.1807,47.78761061946902,58.00756620428751,0.725,3501316.0048,1111.0,1111.0,129970.0,131025.0,1111.0,755211.0,1784139.0,0
2025-11-17T08:17:00.809679,SEIUSDT,BUY,âœ… Good,7,0.1589,60.902255639097895,61.61137440758312,-3.522,21220507.48029,0.0,134526.1,134526.1,511943.3,0.0,720291.4,3786330.5,0
2025-11-17T08:18:29.419335,ZROUSDT,BUY,âœ… Good,7,1.454,53.50553505535046,59.961315280464255,-2.219,3358877.31268,1070.9,3180.99,2149.45,13143.75,1070.9,7815.650000000001,54987.09,0
2025-11-17T08:19:48.770326,1000CHEEMSUSDT,BUY,âœ… Good,7,0.001255,58.878504672897286,57.547169811320714,2.7,1295733.782597,405979.0,3961571.0,3959970.0,18749348.0,-405979.0,18882285.0,40093369.0,1
2025-11-17T08:34:51.060428,MAGICUSDT,BUY,âœ… Good,7,0.1188,51.72413793103458,60.126582278480896,-0.586,1962803.77816,14035.3,406899.2,406899.2,755071.5,14035.3,642755.9,341766.4000000001,1
2025-11-17T08:38:00.685831,MOVEUSDT,BUY,âœ… Good,7,0.0545,45.81151832460734,54.832713754646875,1.679,3312326.32239,23150.0,167709.2,277136.6,2449318.3,23150.0,513119.69999999984,18772741.5,1
2025-11-17T08:41:24.942748,ENSOUSDT,BUY,âœ… Good,7,0.936,50.61728395061729,49.45567651632973,6.243,8057827.09917,2854.61,4522.1,40249.84,115789.5,2854.61,176154.52,526238.3300000001,1
2025-11-17T08:51:06.471559,DEGOUSDT,BUY,ðŸ”¥ Strong,8,0.581,56.25,54.47470817120623,-1.358,1279825.12281,4728.54,80038.13,95919.9,127415.93,4728.54,127415.93,258733.26,1
2025-11-17T09:12:40.814388,PEPEUSDT,BUY,âœ… Good,7,4.98e-06,47.368421052631284,57.83132530120499,-0.6,37911897.86875503,2660471340.0,56544343035.0,174763625329.0,174764939488.0,2660471340.0,353072982469.0,795085598160.0,1
2025-11-17T09:17:05.996983,NXPCUSDT,BUY,ðŸ”¥ Strong,8,0.3799,70.8782742681048,69.48356807511735,-1.427,1841566.70896,2518.4,122014.8,120050.7,131405.2,2518.4,69609.2,134180.3,0
2025-11-17T09:19:14.208684,BANKUSDT,BUY,âœ… Good,7,0.0555,62.499999999999964,49.09090909090908,3.933,10313600.97819,8481.4,600148.4,600148.4,1872295.4,8481.4,315743.1,9068353.100000001,2
2025-11-17T09:25:36.862444,DUSKUSDT,BUY,ðŸ”¥ Strong,8,0.0607,51.42857142857135,58.50340136054419,7.624,4245780.0178,52981.0,52981.0,686141.0,1103515.0,52981.0,2415438.0,4574860.0,4
2025-11-17T09:26:14.119810,LSKUSDT,BUY,ðŸ”¥ Strong,8,0.267,65.49520766773162,51.21951219512195,4.706,6276340.2537,35462.5,229156.9,1000658.3,1341851.4,-35462.5,1619921.9,4109417.0,1
2025-11-17T09:27:36.333700,AAVEUSDT,BUY,âœ… Good,7,179.33,56.35103926097001,66.02990033222613,-0.245,28981996.30132,14.503,75.375,2548.119,3731.715,-14.503,3364.629,6864.393,0
2025-11-17T09:33:47.937313,PNUTUSDT,BUY,ðŸ”¥ Strong,8,0.1005,60.714285714285225,64.91228070175434,-1.18,4260088.30307,391481.2,405504.2,405504.2,822766.2,391481.2,697159.2,3414540.0999999996,1
2025-11-17T09:34:19.574241,SOLVUSDT,BUY,âœ… Good,7,0.01439,56.768558951965275,50.33112582781459,-2.109,1208468.23794,31034.0,65735.0,65735.0,414717.0,31034.0,125785.0,2990285.0,1
2025-11-17T09:34:31.226052,TSTUSDT,BUY,âœ… Good,7,0.01709,51.433389544688076,59.09090909090926,2.213,1437128.904332,56435.7,688459.4,688459.4,3166954.5,-56435.7,3034781.0999999996,5274430.6,0
2025-11-17T09:48:52.099169,API3USDT,BUY,âœ… Good,7,0.599,62.28813559322025,57.14285714285711,1.594,3363150.43523,0.0,7429.25,7429.25,45018.67,0.0,19531.73,100478.9,0
2025-11-17T10:12:30.903893,HYPERUSDT,BUY,âœ… Good,7,0.1602,69.40509915014196,56.98324022346351,-0.497,1501075.62222,2836.0,2836.0,23795.0,23795.0,2836.0,201429.8,26396.50000000003,1
2025-11-17T10:13:22.063297,TREEUSDT,BUY,âœ… Good,7,0.149,47.6744186046512,61.30434782608691,1.568,4295156.30935,10806.2,23313.3,91559.2,91559.2,10806.2,86119.99999999999,591033.6,3
2025-11-17T10:13:55.525926,SKYUSDT,BUY,âœ… Good,7,0.05099,53.738317757009504,65.96558317399617,0.118,2027697.4849,43415.0,594542.0,760059.0,760059.0,-43415.0,644593.0,303406.0,1
2025-11-17T10:25:34.374672,SANTOSUSDT,BUY,âœ… Good,7,1.607,55.86206896551714,52.7027027027027,2.618,3267850.7072,1576.19,1576.19,6923.48,8440.85,1576.19,9390.46,38797.369999999995,0
2025-11-17T10:26:06.178681,GMTUSDT,BUY,ðŸš€ Very Strong,9,0.0219,52.85714285714283,62.13592233009735,-1.039,1218378.442045,16490.5,84932.5,1063114.5,1710937.2,16490.5,1749256.7999999998,4931658.8,1
2025-11-17T10:28:07.936193,AXLUSDT,BUY,âœ… Good,7,0.1405,52.9411764705884,57.56457564575629,-2.97,1060904.179955,6977.0,50860.68,230906.21,313573.76,-6977.0,298779.87,276077.47000000003,0
2025-11-17T10:31:57.667322,PLUMEUSDT,BUY,âœ… Good,7,0.03125,66.29032258064525,47.204161248374525,0.969,5890386.86585,572867.0,2005570.0,2005570.0,4344171.0,572867.0,3818107.0,4957468.0,1
2025-11-17T10:32:49.524123,ASTERUSDT,BUY,âœ… Good,7,1.241,57.30337078651685,48.5355648535565,-0.799,304263322.70909,15534.52,161881.13,161881.13,2643659.58,15534.52,1881132.96,16085957.28,0
2025-11-17T10:47:45.949154,KAIAUSDT,BUY,ðŸ”¥ Strong,8,0.0894,33.333333333333,59.52380952380944,0.0,2143526.23583,0.0,30735.1,30735.1,277176.4,0.0,277176.4,733243.4,0
2025-11-17T10:50:00.950934,SAHARAUSDT,BUY,ðŸš€ Very Strong,9,0.08083,70.04608294930871,56.62650602409628,3.668,2613970.51857,0.0,666712.0,666712.0,2649950.0,0.0,2307372.0,3527345.0,1
2025-11-17T10:58:08.038317,DUSKUSDT,BUY,ðŸš€ Very Strong,9,0.0615,56.98529411764707,55.731225296442666,7.706,4445839.3176,285.0,667410.0,2940213.0,4476598.0,285.0,2495228.0,11548009.0,4
2025-11-17T11:17:00.898825,HBARUSDT,BUY,âœ… Good,7,0.1524,47.29136163982444,55.95621377978109,-0.477,38014957.141,0.0,985142.0,985142.0,2021668.0,0.0,3219728.0,3439957.0,0
2025-11-17T11:17:36.155480,ARDRUSDT,BUY,âœ… Good,7,0.06023,57.4324324324327,55.79211020663744,1.637,1213707.30247,230.0,11008.0,11008.0,145358.0,230.0,10513.0,1205979.0,0
2025-11-17T11:18:53.371614,INJUSDT,BUY,ðŸ”¥ Strong,8,6.79,54.54545454545423,63.485477178423245,-0.732,4854519.8454,861.32,4932.92,4910.02,17376.02,861.32,15442.970000000001,21492.03,0
2025-11-17T11:19:53.321251,SHIBUSDT,BUY,âœ… Good,7,9.08e-06,51.99999999999999,63.99999999999976,-0.548,9793204.04377628,560255511.0,37963193806.0,37963193806.0,41315769946.0,560255511.0,34823226787.0,23552912364.0,2
2025-11-17T11:23:22.402910,MANTAUSDT,BUY,âœ… Good,7,0.1156,53.73831775700921,69.72972972972968,-0.943,2565088.10773,0.0,117598.5,530951.2,577277.7,0.0,535636.2,145567.29999999993,1
2025-11-17T11:27:42.203033,LINEAUSDT,BUY,âœ… Good,7,0.01093,58.490566037736095,54.79452054794538,1.204,6590800.14792,548691.0,2763916.0,10555808.0,14007913.0,548691.0,21605492.0,35610468.0,1
2025-11-17T11:27:51.328047,ZKCUSDT,BUY,âœ… Good,7,0.1597,46.04316546762619,58.54126679462585,1.204,1631070.14234,991.4,3686.6,52333.8,79128.6,991.4,100426.7,145058.4,0
2025-11-17T11:28:38.308196,TURTLEUSDT,BUY,ðŸ”¥ Strong,8,0.0941,50.324675324675454,54.54545454545452,-0.106,3523816.65732,36108.2,173795.8,419590.5,640255.3,36108.2,975004.6,951007.1000000001,1
2025-11-17T11:28:41.506346,GIGGLEUSDT,BUY,âœ… Good,7,133.53,63.80090497737588,64.84045755568926,-4.512,38776909.46064,470.752,1192.805,4265.395,6413.401,470.752,9494.073,12606.395,0
2025-11-17T11:34:07.691773,ETHUSDT,BUY,ðŸš€ Very Strong,9,3218.21,49.89854433171596,49.21310080816646,1.422,1991042259.993082,47.0486,2600.1075,2600.1075,6534.0263,-47.0486,5200.166,25731.355600000003,0
2025-11-17T11:34:19.045245,QTUMUSDT,BUY,âœ… Good,7,1.771,49.54128440366957,48.74371859296463,2.016,1373706.196,0.0,6468.7,6468.7,18807.4,0.0,16956.2,114034.29999999999,0
2025-11-17T11:34:22.193805,ADAUSDT,BUY,âœ… Good,7,0.4985,53.63457760314351,54.635108481262364,-0.08,99211007.3998,751135.2,1165035.9,1165035.9,1959225.2,751135.2,1609180.9,6230361.000000001,1
2025-11-17T11:34:28.644736,IOTAUSDT,BUY,ðŸ”¥ Strong,8,0.1316,47.36842105263184,51.361867704280286,-0.379,1705795.5865,13328.0,60598.0,60598.0,222992.0,13328.0,86156.0,986922.0,1
2025-11-17T11:34:37.362793,TRXUSDT,BUY,âœ… Good,7,0.2942,44.99999999999829,57.627118644067885,-0.742,112783000.67558,836186.9,2078428.6,2078428.6,4904256.8,836186.9,4434098.1,23179896.6,1
2025-11-17T11:38:47.599339,MLNUSDT,BUY,ðŸš€ Very Strong,9,5.88,46.98795180722849,55.88235294117644,1.906,1097983.93947,0.0,5268.621,12662.272,13940.247,0.0,14283.889000000001,19616.54,0
2025-11-17T11:39:53.132893,IMXUSDT,BUY,ðŸš€ Very Strong,11,0.399,62.68656716417911,49.54128440366973,6.117,2561311.11599,9945.73,93881.1,293486.95,467346.89,9945.73,534066.64,625320.81,1
2025-11-17T11:39:59.047188,SCRTUSDT,BUY,ðŸ”¥ Strong,8,0.1835,60.91101694915244,56.085249579360614,3.731,3578687.59554,4745.8,53090.4,345509.8,581105.7,-4745.8,667506.2,1694838.5,1
2025-11-17T11:43:34.782724,ACTUSDT,BUY,âœ… Good,7,0.0185,33.33333333333333,44.89795918367347,3.933,2376989.68361,214023.8,744265.4,2459820.7,2962181.4,-214023.8,3315473.0,318809.3000000003,1
2025-11-17T11:44:49.205045,BABYUSDT,BUY,ðŸ”¥ Strong,8,0.02722,24.804177545691914,40.872662511130926,-5.322,1902595.5169,15239.0,2938403.0,4821079.0,6704684.0,-15239.0,6921895.0,5014669.0,0
2025-11-17T11:44:55.623740,VIRTUALUSDT,BUY,ðŸ”¥ Strong,8,1.1413,43.91281233386503,58.48506919155137,-0.105,25176301.74562,14731.3,120592.1,495115.4,617786.6,-14731.3,458810.10000000003,1088769.8,0
2025-11-17T11:44:58.905773,KERNELUSDT,BUY,âœ… Good,7,0.0955,60.0,54.285714285714285,-0.934,2441724.66934,11585.0,79700.8,239495.3,776883.7,-11585.0,142246.59999999998,1336617.7,0
2025-11-17T11:56:07.955568,ROSEUSDT,BUY,âœ… Good,7,0.01941,55.1359516616313,59.70149253731349,0.103,3015343.855613,70544.3,399839.8,2382986.5,7117760.2,70544.3,7112989.2,4596158.800000001,1
2025-11-17T11:59:16.260329,PROMUSDT,BUY,âœ… Good,7,9.233,58.438287153651764,45.341098169717135,1.898,1209909.29204,0.0,34.88,334.98,783.84,0.0,465.96000000000004,1215.99,0
2025-11-17T12:13:47.376502,RSRUSDT,BUY,âœ… Good,7,0.003853,68.18181818181804,48.60335195530705,1.985,2479575.8388665,406027.9,1500298.7,14335837.0,14335837.0,-406027.9,15605160.3,51136394.0,0
2025-11-17T12:14:37.027795,SKLUSDT,BUY,ðŸš€ Very Strong,9,0.01621,76.05633802816868,50.56179775280885,4.379,1542899.22737,292234.0,4144791.0,10924509.0,10924509.0,292234.0,11432785.0,17940621.0,1
2025-11-17T12:14:43.943833,1INCHUSDT,BUY,ðŸ”¥ Strong,8,0.195,57.81250000000017,65.5319148936171,1.565,1955049.34279,6591.3,145371.1,951419.7,951419.7,6591.3,1229540.7999999998,963248.1,1
2025-11-17T12:22:20.939344,RESOLVUSDT,BUY,âœ… Good,7,0.181,51.696921862667715,40.11090573012936,4.088,29669250.98364,18984.1,105638.5,235534.0,1974036.0,18984.1,2256118.6,5636120.9,0
2025-11-17T12:30:15.955135,ZECUSDT,BUY,âœ… Good,7,688.29,46.958114629936176,43.69455766003357,-3.83,1285296569.7929,10.368,10.355,9.287,8595.924,10.368,11774.705,22469.976,0
2025-11-17T12:31:43.105484,DCRUSDT,BUY,âœ… Good,7,35.33,63.87559808612443,52.453987730061336,-3.364,7745718.35378,27.164,149.322,149.322,6413.08,27.164,1791.375,12388.373,0
2025-11-17T12:53:29.366013,SCRTUSDT,BUY,ðŸš€ Very Strong,9,0.1882,60.34816247582197,58.74604847207584,5.022,3974454.25904,22389.8,196325.3,574721.7,2110955.3,22389.8,1615751.9,3714566.0999999996,3
2025-11-17T13:06:49.477769,BATUSDT,BUY,âœ… Good,7,0.1811,58.76288659793822,68.67469879518079,1.799,3414044.6252,0.0,6840.0,195546.0,195546.0,0.0,435241.0,516373.0,0
2025-11-17T13:27:49.398147,1INCHUSDT,BUY,ðŸš€ Very Strong,11,0.2001,66.14583333333357,68.60465116279077,4.819,2521215.10662,38796.4,583878.2,1824733.2,2098046.4,38796.4,2111902.1999999997,4315279.0,3
2025-11-17T13:44:25.191302,ARDRUSDT,BUY,ðŸš€ Very Strong,11,0.06349,72.18045112781954,67.94150731158607,8.456,1243345.86927,386474.0,444387.0,540177.0,669694.0,386474.0,609482.0,873850.0,1
2025-11-17T14:19:52.506983,BATUSDT,BUY,ðŸš€ Very Strong,10,0.1831,51.5320334261839,64.08094435075891,2.75,3472854.5572,74647.0,154132.0,154132.0,474303.0,74647.0,179367.0,636223.0,1
2025-11-17T14:25:47.162603,PROMUSDT,BUY,ðŸ”¥ Strong,8,9.339,62.88659793814435,58.245083207261686,2.792,1162291.73791,165.46,162.06,7950.39,8187.85,-165.46,8290.48,6808.75,0
2025-11-17T14:37:43.296229,NEOUSDT,BUY,ðŸš€ Very Strong,10,4.819,63.30196749358424,47.81739420193276,1.819,3886991.66368,24287.52,35794.98,41778.36,54614.37,24287.52,51566.94,1589.449999999997,1
2025-11-17T14:37:49.183689,QTUMUSDT,BUY,ðŸš€ Very Strong,9,1.786,66.35514018691596,44.22700587084151,2.939,1382589.2986,2453.2,13427.7,15556.5,23003.6,2453.2,16711.5,5643.799999999996,0
2025-11-17T14:38:01.008529,XLMUSDT,BUY,âœ… Good,7,0.2614,60.22913256955822,53.476611883691625,1.871,13087591.3306,3110.0,1334215.0,1973946.0,3461105.0,3110.0,688112.0,1449779.0,0
2025-11-17T14:38:10.700315,VETUSDT,BUY,ðŸ”¥ Strong,8,0.01544,67.50000000000001,50.185873605948004,-0.129,4108353.54894,564002.3,9446078.2,14981289.1,21522376.6,-564002.3,17179592.3,11460953.3,0
2025-11-17T14:38:13.905749,USDCUSDT,BUY,âœ… Good,7,1.0007,26.66666666666667,38.88888888888889,0.02,1643507112.3857,2598022.0,69692028.0,75381836.0,121465451.0,2598022.0,185493649.0,179834130.0,0
2025-11-17T14:38:39.258333,ATOMUSDT,BUY,ðŸ”¥ Strong,8,2.886,58.181818181818215,61.92660550458713,2.851,5859077.16821,4237.01,65228.38,103144.97,158842.48,-4237.01,34794.84000000001,12831.310000000027,0
2025-11-17T14:38:43.524580,ALGOUSDT,BUY,âœ… Good,7,0.1624,70.36569987389656,40.91341579448138,0.806,5635891.7126,117336.0,1331324.0,1947836.0,3090404.0,-117336.0,2030965.0,2151837.0,0
2025-11-17T14:39:00.218264,CHZUSDT,BUY,ðŸš€ Very Strong,10,0.03145,61.714285714285694,46.992481203007515,1.126,2325587.10531,536092.0,1429692.0,2009762.0,3252624.0,536092.0,2544255.0,1942821.0,1
2025-11-17T14:39:07.194936,HBARUSDT,BUY,ðŸš€ Very Strong,9,0.15309,68.29117828500927,52.62047704040236,1.35,41721196.37805,168582.0,13437984.0,20288619.0,29146269.0,-168582.0,15326946.0,12994638.0,0
2025-11-17T14:39:22.250736,BCHUSDT,BUY,ðŸš€ Very Strong,11,508.7,66.62180349932709,66.27906976744191,3.732,15130490.2305,50.451,820.907,1328.106,2565.524,-50.451,1468.1660000000002,62.60100000000011,0
2025-11-17T14:39:35.280950,COTIUSDT,BUY,ðŸš€ Very Strong,9,0.03463,57.641921397379996,46.86854783207158,-2.616,2650789.90575,127742.0,2135487.0,3234734.0,6190311.0,-127742.0,4678306.0,2405801.0,0
2025-11-17T14:39:46.559759,KNCUSDT,BUY,ðŸš€ Very Strong,9,0.2878,66.04823747680896,60.4347826086956,1.195,1002640.56569,13530.7,191029.0,218676.8,275642.1,-13530.7,163926.3,174424.69999999998,0
2025-11-17T14:40:11.909315,JSTUSDT,BUY,ðŸš€ Very Strong,10,0.03663,48.00000000000029,58.490566037735924,0.604,2561954.520054,4572.4,4572.4,3891575.3,6995608.1,-4572.4,7493345.6,372828.7999999998,1
2025-11-17T14:40:43.084232,RUNEUSDT,BUY,âœ… Good,7,0.75,55.88235294117647,45.652173913043484,2.881,3667158.1267,6085.6,6085.6,266301.3,463831.2,6085.6,150194.2,163194.5,0
2025-11-17T14:40:53.840307,AVAXUSDT,BUY,âœ… Good,7,15.69,51.30434782608692,46.72897196261679,1.685,56872565.2875,6498.49,6372.8,208550.71,295517.67,6498.49,217432.96,98107.35999999999,0
2025-11-17T14:41:40.351772,TWTUSDT,BUY,âœ… Good,7,1.1405,44.51345755693585,39.88035892323035,-0.956,2350002.9248,2742.0,8071.0,107573.0,156565.0,-2742.0,150781.0,179336.0,0
2025-11-17T14:42:11.186380,ARUSDT,BUY,âœ… Good,7,4.39,51.02040816326523,36.49635036496348,-1.79,6392263.3867,240.25,3502.58,55628.06,81998.87,-240.25,60411.39,123213.65,0
2025-11-17T14:43:41.210408,SCRTUSDT,BUY,âœ… Good,7,0.189,48.415110725141105,49.338758901322485,3.279,4082744.49693,2292.5,60518.8,1410660.6,2181247.8,2292.5,2509239.2,4257290.5,3
2025-11-17T14:47:16.802496,KAIAUSDT,BUY,âœ… Good,7,0.0888,52.631578947368425,54.83870967741934,0.0,2194189.94742,23008.6,109867.7,109867.7,2209806.7,23008.6,1072527.7000000002,285833.4000000004,1
2025-11-17T14:47:19.971956,COWUSDT,BUY,âœ… Good,7,0.2075,68.28193832599118,50.929368029739784,0.048,1032150.8261,2882.5,34114.1,34114.1,649869.6,2882.5,412703.79999999993,166780.40000000002,0
2025-11-17T14:47:41.564535,VANAUSDT,BUY,âœ… Good,7,2.853,46.40980735551669,59.25465838509325,3.071,1088745.63619,294.18,2050.38,2050.38,39741.6,294.18,4402.86,70177.88,0
2025-11-17T14:49:39.783825,SAHARAUSDT,BUY,âœ… Good,7,0.08115,49.056603773584925,59.32203389830498,1.934,3037058.10404,39237.0,1023343.0,1023343.0,3678633.0,39237.0,2206257.0,4022977.0,1
2025-11-17T14:51:13.454141,GIGGLEUSDT,BUY,âœ… Good,7,137.46,59.735245449531185,64.27005699254715,0.336,39019163.26406,39.727,608.589,3883.862,23746.506,39.727,23746.116,21581.444,0
2025-11-17T14:57:05.334330,TRXUSDT,BUY,ðŸ”¥ Strong,8,0.2952,51.111111111111185,48.61111111111097,-0.135,128518717.2437,109450.9,1495700.5,16919203.1,54280091.2,109450.9,54279761.2,39169541.6,1
2025-11-17T14:57:31.998157,ZECUSDT,BUY,ðŸ”¥ Strong,8,690.82,45.11819811288854,45.44199848181633,-3.173,1163050478.79725,234.79,2235.783,19139.815,68083.383,-234.79,68082.883,43261.058000000005,0
2025-11-17T15:00:21.244093,1INCHUSDT,BUY,âœ… Good,7,0.1987,64.53201970443351,62.88032454361054,3.76,3393602.15334,10129.7,10129.7,10129.7,10129.7,10129.7,990980.9,1103494.3,3
2025-11-17T15:28:47.201012,ASTERUSDT,BUY,âœ… Good,7,1.254,48.73417721518987,38.740043446777676,2.367,315587796.15164,121847.89,325888.72,1946659.64,4563371.09,121847.89,11797076.34,4537515.0299999975,0
2025-11-17T15:45:02.184665,KAITOUSDT,BUY,ðŸ”¥ Strong,8,0.7929,54.10062026188831,69.73293768546006,6.358,4211819.64849,134.2,254137.2,559206.5,1911451.6,-134.2,278790.6000000001,2605316.2,0
2025-11-17T15:59:28.018575,XNOUSDT,BUY,âœ… Good,7,1.081,55.72519083969464,51.40186915887852,13.431,3060578.86044,1897.04,61794.56,153205.57,325688.21,1897.04,210098.25,149026.43,0
2025-11-17T16:23:22.597870,SIGNUSDT,BUY,âœ… Good,7,0.03934,56.783919597989936,46.4670658682635,2.93,2559692.96325,815.0,80540.0,148005.0,753685.0,-815.0,1943453.0,9463962.0,6
2025-11-17T16:25:15.109706,EULUSDT,BUY,âœ… Good,7,4.471,72.26463104325698,61.875297477391726,1.179,1707963.42429,785.87,767.3,23637.24,30683.47,-785.87,25421.320000000003,24488.510000000002,0
2025-11-17T16:35:43.259929,MINAUSDT,BUY,âœ… Good,7,0.1381,54.54545454545455,56.737588652482344,5.662,6997539.35465,149159.2,144224.8,819772.4,3763268.9,149159.2,1347658.0999999999,13471288.3,1
2025-11-17T16:51:36.798531,COTIUSDT,BUY,âœ… Good,7,0.03458,64.36170212765954,49.2307692307692,2.037,2741087.64231,361046.0,459292.0,4398770.0,8140207.0,361046.0,7407463.0,4049179.0,1
2025-11-17T16:53:04.951158,FILUSDT,BUY,ðŸ”¥ Strong,8,2.046,59.70515970515967,53.72636262513906,6.608,38382914.57149,13218.89,361582.6,564209.48,1867906.53,-13218.89,1495191.4500000002,1204631.87,0
2025-11-17T16:58:45.444088,RENDERUSDT,BUY,âœ… Good,7,2.041,57.254901960784316,39.686311787072285,3.289,9426863.6941,3099.86,15757.11,254422.66,425027.26,-3099.86,287125.26,296190.86000000004,0
2025-11-17T16:59:17.834886,COWUSDT,BUY,âœ… Good,7,0.2053,52.153110047846916,50.00000000000004,2.394,1052698.12452,0.0,15364.7,70319.8,321198.3,0.0,205556.90000000002,459392.4000000001,0
2025-11-17T18:08:26.588608,CFXUSDT,BUY,âœ… Good,7,0.0877,59.016393442622984,39.17050691244243,3.298,4308177.5779,17971.0,181211.0,4469471.0,4469471.0,17971.0,2741227.0,1546055.0,1
2025-11-17T18:32:48.886872,NILUSDT,BUY,âœ… Good,7,0.2215,57.36842105263156,48.023005032350845,7.264,11682092.06526,9811.4,45785.2,45785.2,260869.5,9811.4,271645.7,121176.0,0
